{
  "baseline_dummy": {
    "val": {
      "accuracy": 0.5335820895522388,
      "precision_macro": 0.3084638613721672,
      "recall_macro": 0.30854002624671917,
      "f1_macro": 0.30848288772646587,
      "classification_report": {
        "0": {
          "precision": 0.10967741935483871,
          "recall": 0.11333333333333333,
          "f1-score": 0.11147540983606558,
          "support": 150.0
        },
        "1": {
          "precision": 0.10967741935483871,
          "recall": 0.10625,
          "f1-score": 0.10793650793650794,
          "support": 160.0
        },
        "2": {
          "precision": 0.7060367454068242,
          "recall": 0.7060367454068242,
          "f1-score": 0.7060367454068242,
          "support": 762.0
        },
        "accuracy": 0.5335820895522388,
        "macro avg": {
          "precision": 0.3084638613721672,
          "recall": 0.30854002624671917,
          "f1-score": 0.30848288772646587,
          "support": 1072.0
        },
        "weighted avg": {
          "precision": 0.5335820895522388,
          "recall": 0.5335820895522388,
          "f1-score": 0.5335738365160925,
          "support": 1072.0
        }
      }
    },
    "test": {
      "accuracy": 0.539179104477612,
      "precision_macro": 0.31622781023339824,
      "recall_macro": 0.31585088814706597,
      "f1_macro": 0.3160136944249869,
      "classification_report": {
        "0": {
          "precision": 0.0967741935483871,
          "recall": 0.1,
          "f1-score": 0.09836065573770492,
          "support": 150.0
        },
        "1": {
          "precision": 0.14193548387096774,
          "recall": 0.13664596273291926,
          "f1-score": 0.13924050632911392,
          "support": 161.0
        },
        "2": {
          "precision": 0.7099737532808399,
          "recall": 0.7109067017082786,
          "f1-score": 0.7104399212081418,
          "support": 761.0
        },
        "accuracy": 0.539179104477612,
        "macro avg": {
          "precision": 0.31622781023339824,
          "recall": 0.31585088814706597,
          "f1-score": 0.3160136944249869,
          "support": 1072.0
        },
        "weighted avg": {
          "precision": 0.5388598583789208,
          "recall": 0.539179104477612,
          "f1-score": 0.5390080223125363,
          "support": 1072.0
        }
      }
    }
  },
  "logistic_regression": {
    "val": {
      "accuracy": 0.8451492537313433,
      "precision_macro": 0.8021049212427315,
      "recall_macro": 0.6561187664041994,
      "f1_macro": 0.6453394038196838,
      "classification_report": {
        "0": {
          "precision": 0.6666666666666666,
          "recall": 0.06666666666666667,
          "f1-score": 0.12121212121212122,
          "support": 150.0
        },
        "1": {
          "precision": 0.901840490797546,
          "recall": 0.91875,
          "f1-score": 0.9102167182662538,
          "support": 160.0
        },
        "2": {
          "precision": 0.8378076062639821,
          "recall": 0.9829396325459318,
          "f1-score": 0.9045893719806763,
          "support": 762.0
        },
        "accuracy": 0.8451492537313433,
        "macro avg": {
          "precision": 0.8021049212427315,
          "recall": 0.6561187664041994,
          "f1-score": 0.6453394038196838,
          "support": 1072.0
        },
        "weighted avg": {
          "precision": 0.8234177933775761,
          "recall": 0.8451492537313433,
          "f1-score": 0.7958149202926251,
          "support": 1072.0
        }
      }
    },
    "test": {
      "accuracy": 0.8451492537313433,
      "precision_macro": 0.8553524067490548,
      "recall_macro": 0.6562795130812042,
      "f1_macro": 0.6449379642527445,
      "classification_report": {
        "0": {
          "precision": 0.8333333333333334,
          "recall": 0.06666666666666667,
          "f1-score": 0.12345679012345678,
          "support": 150.0
        },
        "1": {
          "precision": 0.896969696969697,
          "recall": 0.9192546583850931,
          "f1-score": 0.9079754601226994,
          "support": 161.0
        },
        "2": {
          "precision": 0.8357541899441341,
          "recall": 0.9829172141918529,
          "f1-score": 0.9033816425120773,
          "support": 761.0
        },
        "accuracy": 0.8451492537313433,
        "macro avg": {
          "precision": 0.8553524067490548,
          "recall": 0.6562795130812042,
          "f1-score": 0.6449379642527445,
          "support": 1072.0
        },
        "weighted avg": {
          "precision": 0.8446091975369471,
          "recall": 0.8451492537313433,
          "f1-score": 0.7949402962219814,
          "support": 1072.0
        }
      }
    }
  },
  "random_forest": {
    "val": {
      "accuracy": 0.8600746268656716,
      "precision_macro": 0.7906394419256632,
      "recall_macro": 0.7603083989501312,
      "f1_macro": 0.766215110484373,
      "classification_report": {
        "0": {
          "precision": 0.6105263157894737,
          "recall": 0.38666666666666666,
          "f1-score": 0.47346938775510206,
          "support": 150.0
        },
        "1": {
          "precision": 0.875,
          "recall": 0.9625,
          "f1-score": 0.9166666666666666,
          "support": 160.0
        },
        "2": {
          "precision": 0.8863920099875156,
          "recall": 0.931758530183727,
          "f1-score": 0.90850927703135,
          "support": 762.0
        },
        "accuracy": 0.8600746268656716,
        "macro avg": {
          "precision": 0.7906394419256632,
          "recall": 0.7603083989501312,
          "f1-score": 0.766215110484373,
          "support": 1072.0
        },
        "weighted avg": {
          "precision": 0.8460910997937573,
          "recall": 0.8600746268656716,
          "f1-score": 0.8488536790371461,
          "support": 1072.0
        }
      }
    },
    "test": {
      "accuracy": 0.8852611940298507,
      "precision_macro": 0.8488117652456593,
      "recall_macro": 0.7883923390910764,
      "f1_macro": 0.8078738175129977,
      "classification_report": {
        "0": {
          "precision": 0.723404255319149,
          "recall": 0.4533333333333333,
          "f1-score": 0.5573770491803278,
          "support": 150.0
        },
        "1": {
          "precision": 0.927710843373494,
          "recall": 0.9565217391304348,
          "f1-score": 0.9418960244648318,
          "support": 161.0
        },
        "2": {
          "precision": 0.895320197044335,
          "recall": 0.9553219448094612,
          "f1-score": 0.9243483788938335,
          "support": 761.0
        },
        "accuracy": 0.8852611940298507,
        "macro avg": {
          "precision": 0.8488117652456593,
          "recall": 0.7883923390910764,
          "f1-score": 0.8078738175129977,
          "support": 1072.0
        },
        "weighted avg": {
          "precision": 0.8761294347311043,
          "recall": 0.8852611940298507,
          "f1-score": 0.8756351993041925,
          "support": 1072.0
        }
      }
    }
  }
}