{
  "baseline_dummy": {
    "val": {
      "accuracy": 0.48114754098360657,
      "precision_macro": 0.3114480849796139,
      "recall_macro": 0.3120791794132511,
      "f1_macro": 0.3117170557469065,
      "classification_report": {
        "0": {
          "precision": 0.19318181818181818,
          "recall": 0.19921875,
          "f1-score": 0.19615384615384615,
          "support": 256.0
        },
        "1": {
          "precision": 0.09271523178807947,
          "recall": 0.08695652173913043,
          "f1-score": 0.08974358974358974,
          "support": 161.0
        },
        "2": {
          "precision": 0.6484472049689441,
          "recall": 0.6500622665006227,
          "f1-score": 0.6492537313432836,
          "support": 803.0
        },
        "accuracy": 0.48114754098360657,
        "macro avg": {
          "precision": 0.3114480849796139,
          "recall": 0.3120791794132511,
          "f1-score": 0.3117170557469065,
          "support": 1220.0
        },
        "weighted avg": {
          "precision": 0.4795777076741708,
          "recall": 0.48114754098360657,
          "f1-score": 0.4803400400268519,
          "support": 1220.0
        }
      }
    },
    "test": {
      "accuracy": 0.4864864864864865,
      "precision_macro": 0.321346444744223,
      "recall_macro": 0.32124459572257325,
      "f1_macro": 0.3212298463682948,
      "classification_report": {
        "0": {
          "precision": 0.1856060606060606,
          "recall": 0.19140625,
          "f1-score": 0.18846153846153846,
          "support": 256.0
        },
        "1": {
          "precision": 0.12582781456953643,
          "recall": 0.11728395061728394,
          "f1-score": 0.12140575079872204,
          "support": 162.0
        },
        "2": {
          "precision": 0.652605459057072,
          "recall": 0.6550435865504358,
          "f1-score": 0.653822249844624,
          "support": 803.0
        },
        "accuracy": 0.4864864864864865,
        "macro avg": {
          "precision": 0.321346444744223,
          "recall": 0.32124459572257325,
          "f1-score": 0.3212298463682948,
          "support": 1221.0
        },
        "weighted avg": {
          "precision": 0.48480052505998794,
          "recall": 0.4864864864864865,
          "f1-score": 0.4856127371832759,
          "support": 1221.0
        }
      }
    }
  },
  "logistic_regression": {
    "val": {
      "accuracy": 0.8795081967213115,
      "precision_macro": 0.8505500709769002,
      "recall_macro": 0.8844671387898383,
      "f1_macro": 0.8634605950948612,
      "classification_report": {
        "0": {
          "precision": 0.7142857142857143,
          "recall": 0.8984375,
          "f1-score": 0.7958477508650519,
          "support": 256.0
        },
        "1": {
          "precision": 0.8875,
          "recall": 0.8819875776397516,
          "f1-score": 0.8847352024922118,
          "support": 161.0
        },
        "2": {
          "precision": 0.9498644986449865,
          "recall": 0.8729763387297634,
          "f1-score": 0.9097988319273199,
          "support": 803.0
        },
        "accuracy": 0.8795081967213115,
        "macro avg": {
          "precision": 0.8505500709769002,
          "recall": 0.8844671387898383,
          "f1-score": 0.8634605950948612,
          "support": 1220.0
        },
        "weighted avg": {
          "precision": 0.8922015043189073,
          "recall": 0.8795081967213115,
          "f1-score": 0.8825802080822437,
          "support": 1220.0
        }
      }
    },
    "test": {
      "accuracy": 0.8755118755118755,
      "precision_macro": 0.8662539260161287,
      "recall_macro": 0.8646983213668906,
      "f1_macro": 0.8583363691409143,
      "classification_report": {
        "0": {
          "precision": 0.6966966966966966,
          "recall": 0.90625,
          "f1-score": 0.7877758913412564,
          "support": 256.0
        },
        "1": {
          "precision": 0.9632352941176471,
          "recall": 0.808641975308642,
          "f1-score": 0.8791946308724832,
          "support": 162.0
        },
        "2": {
          "precision": 0.9388297872340425,
          "recall": 0.8792029887920298,
          "f1-score": 0.9080385852090033,
          "support": 803.0
        },
        "accuracy": 0.8755118755118755,
        "macro avg": {
          "precision": 0.8662539260161287,
          "recall": 0.8646983213668906,
          "f1-score": 0.8583363691409143,
          "support": 1221.0
        },
        "weighted avg": {
          "precision": 0.8913012212533572,
          "recall": 0.8755118755118755,
          "f1-score": 0.8789968405467106,
          "support": 1221.0
        }
      }
    }
  },
  "random_forest": {
    "val": {
      "accuracy": 0.9147540983606557,
      "precision_macro": 0.887246203155422,
      "recall_macro": 0.9093503226287808,
      "f1_macro": 0.8977583285853591,
      "classification_report": {
        "0": {
          "precision": 0.8138686131386861,
          "recall": 0.87109375,
          "f1-score": 0.8415094339622642,
          "support": 256.0
        },
        "1": {
          "precision": 0.8928571428571429,
          "recall": 0.9316770186335404,
          "f1-score": 0.9118541033434651,
          "support": 161.0
        },
        "2": {
          "precision": 0.9550128534704371,
          "recall": 0.925280199252802,
          "f1-score": 0.9399114484503479,
          "support": 803.0
        },
        "accuracy": 0.9147540983606557,
        "macro avg": {
          "precision": 0.887246203155422,
          "recall": 0.9093503226287808,
          "f1-score": 0.8977583285853591,
          "support": 1220.0
        },
        "weighted avg": {
          "precision": 0.9171931854920202,
          "recall": 0.9147540983606557,
          "f1-score": 0.915560507244481,
          "support": 1220.0
        }
      }
    },
    "test": {
      "accuracy": 0.9279279279279279,
      "precision_macro": 0.9131221085021289,
      "recall_macro": 0.9209618620886696,
      "f1_macro": 0.9162552711725462,
      "classification_report": {
        "0": {
          "precision": 0.8327402135231317,
          "recall": 0.9140625,
          "f1-score": 0.8715083798882681,
          "support": 256.0
        },
        "1": {
          "precision": 0.9487179487179487,
          "recall": 0.9135802469135802,
          "f1-score": 0.9308176100628931,
          "support": 162.0
        },
        "2": {
          "precision": 0.9579081632653061,
          "recall": 0.9352428393524284,
          "f1-score": 0.9464398235664776,
          "support": 803.0
        },
        "accuracy": 0.9279279279279279,
        "macro avg": {
          "precision": 0.9131221085021289,
          "recall": 0.9209618620886696,
          "f1-score": 0.9162552711725462,
          "support": 1221.0
        },
        "weighted avg": {
          "precision": 0.9304455835022687,
          "recall": 0.9279279279279279,
          "f1-score": 0.9286566555327329,
          "support": 1221.0
        }
      }
    }
  }
}