{
  "run_id": "20260523_053650",
  "final_summary": {
    "metrics_summary": {
      "accuracy": {
        "count": 4.0,
        "mean": 0.7970925470925471,
        "std": 0.20817917703590375,
        "min": 0.4864864864864865,
        "25%": 0.7782555282555282,
        "50%": 0.886977886977887,
        "75%": 0.9058149058149059,
        "max": 0.9279279279279279
      },
      "precision": {
        "count": 4.0,
        "mean": 0.7429736610194543,
        "std": 0.28187046894978685,
        "min": 0.321346444744223,
        "25%": 0.7300270556981523,
        "50%": 0.8687130454157326,
        "75%": 0.8816596507370347,
        "max": 0.9131221085021289
      },
      "recall": {
        "count": 4.0,
        "mean": 0.7579775800960519,
        "std": 0.2924535474375276,
        "min": 0.32124459572257325,
        "25%": 0.7288348899558112,
        "50%": 0.89283009172778,
        "75%": 0.9219727818680207,
        "max": 0.9250055412060739
      },
      "f1": {
        "count": 4.0,
        "mean": 0.7464932524063597,
        "std": 0.2844964492955587,
        "min": 0.3212298463682948,
        "25%": 0.7240597384477594,
        "50%": 0.8742439460422988,
        "75%": 0.8966774600008992,
        "max": 0.9162552711725462
      },
      "roc_auc": {
        "count": 1.0,
        "mean": 0.984050417275972,
        "std": NaN,
        "min": 0.984050417275972,
        "25%": 0.984050417275972,
        "50%": 0.984050417275972,
        "75%": 0.984050417275972,
        "max": 0.984050417275972
      },
      "cv_f1_macro_mean": {
        "count": 2.0,
        "mean": 0.8894328062729169,
        "std": 0.02752394404127927,
        "min": 0.8699704387963292,
        "25%": 0.879701622534623,
        "50%": 0.8894328062729169,
        "75%": 0.8991639900112106,
        "max": 0.9088951737495045
      },
      "cv_f1_macro_std": {
        "count": 2.0,
        "mean": 0.004120901230622641,
        "std": 0.002108144192775683,
        "min": 0.002630218176191916,
        "25%": 0.003375559703407279,
        "50%": 0.004120901230622641,
        "75%": 0.004866242757838005,
        "max": 0.005611584285053367
      }
    },
    "best_model_row": {
      "model": "random_forest",
      "accuracy": 0.9279279279279279,
      "precision": 0.9131221085021289,
      "recall": 0.9209618620886696,
      "f1": 0.9162552711725462,
      "roc_auc": NaN,
      "cv_f1_macro_mean": 0.9088951737495045,
      "cv_f1_macro_std": 0.002630218176191916
    },
    "eda_overview": {
      "shape": [
        133391,
        88
      ],
      "columns": [
        "crowdflower_id",
        "trusted_answers",
        "last_answer_at",
        "class",
        "class_confidence",
        "ground_truth_class",
        "comments",
        "account_type",
        "dataset",
        "twitter_user_id",
        "twitter_screen_name",
        "source_dataset",
        "contributor_id",
        "external_id",
        "answers_count",
        "gold_count",
        "missed_gold_count",
        "channel",
        "contributor_country",
        "contributor_city",
        "contributor_last_ip",
        "trust_overall",
        "submission_rate",
        "trust",
        "comment",
        "unnamed: 0",
        "created_at",
        "id",
        "text",
        "source",
        "user_id",
        "truncated",
        "in_reply_to_status_id",
        "in_reply_to_user_id",
        "in_reply_to_screen_name",
        "retweeted_status_id",
        "geo",
        "place",
        "contributors",
        "retweet_count",
        "reply_count",
        "favorite_count",
        "favorited",
        "retweeted",
        "possibly_sensitive",
        "num_hashtags",
        "num_urls",
        "num_mentions",
        "timestamp",
        "name",
        "screen_name",
        "statuses_count",
        "followers_count",
        "friends_count",
        "favourites_count",
        "listed_count",
        "url",
        "lang",
        "time_zone",
        "location",
        "default_profile",
        "default_profile_image",
        "geo_enabled",
        "profile_image_url",
        "profile_banner_url",
        "profile_use_background_image",
        "profile_background_image_url_https",
        "profile_text_color",
        "profile_image_url_https",
        "profile_sidebar_border_color",
        "profile_background_tile",
        "profile_sidebar_fill_color",
        "profile_background_image_url",
        "profile_background_color",
        "profile_link_color",
        "utc_offset",
        "is_translator",
        "follow_request_sent",
        "protected",
        "verified",
        "notifications",
        "description",
        "contributors_enabled",
        "following",
        "updated",
        "crawled_at",
        "test_set_1",
        "test_set_2"
      ],
      "dtypes": {
        "crowdflower_id": "object",
        "trusted_answers": "float64",
        "last_answer_at": "object",
        "class": "object",
        "class_confidence": "object",
        "ground_truth_class": "object",
        "comments": "object",
        "account_type": "object",
        "dataset": "object",
        "twitter_user_id": "object",
        "twitter_screen_name": "object",
        "source_dataset": "object",
        "contributor_id": "object",
        "external_id": "object",
        "answers_count": "float64",
        "gold_count": "float64",
        "missed_gold_count": "float64",
        "channel": "object",
        "contributor_country": "object",
        "contributor_city": "object",
        "contributor_last_ip": "object",
        "trust_overall": "float64",
        "submission_rate": "float64",
        "trust": "float64",
        "comment": "object",
        "unnamed: 0": "object",
        "created_at": "object",
        "id": "object",
        "text": "object",
        "source": "object",
        "user_id": "object",
        "truncated": "float64",
        "in_reply_to_status_id": "object",
        "in_reply_to_user_id": "object",
        "in_reply_to_screen_name": "object",
        "retweeted_status_id": "object",
        "geo": "float64",
        "place": "object",
        "contributors": "float64",
        "retweet_count": "float64",
        "reply_count": "float64",
        "favorite_count": "float64",
        "favorited": "float64",
        "retweeted": "float64",
        "possibly_sensitive": "float64",
        "num_hashtags": "float64",
        "num_urls": "float64",
        "num_mentions": "float64",
        "timestamp": "object",
        "name": "object",
        "screen_name": "object",
        "statuses_count": "float64",
        "followers_count": "float64",
        "friends_count": "float64",
        "favourites_count": "float64",
        "listed_count": "float64",
        "url": "object",
        "lang": "object",
        "time_zone": "object",
        "location": "object",
        "default_profile": "float64",
        "default_profile_image": "float64",
        "geo_enabled": "float64",
        "profile_image_url": "object",
        "profile_banner_url": "object",
        "profile_use_background_image": "float64",
        "profile_background_image_url_https": "object",
        "profile_text_color": "object",
        "profile_image_url_https": "object",
        "profile_sidebar_border_color": "object",
        "profile_background_tile": "float64",
        "profile_sidebar_fill_color": "object",
        "profile_background_image_url": "object",
        "profile_background_color": "object",
        "profile_link_color": "object",
        "utc_offset": "float64",
        "is_translator": "float64",
        "follow_request_sent": "float64",
        "protected": "float64",
        "verified": "float64",
        "notifications": "float64",
        "description": "object",
        "contributors_enabled": "float64",
        "following": "float64",
        "updated": "object",
        "crawled_at": "object",
        "test_set_1": "float64",
        "test_set_2": "float64"
      },