{
  "run_id": "20260522_143308",
  "final_summary": {
    "metrics_summary": {
      "accuracy": {
        "count": 4.0,
        "mean": 0.7306436567164178,
        "std": 0.1630006592305498,
        "min": 0.539179104477612,
        "25%": 0.6245335820895523,
        "50%": 0.7490671641791045,
        "75%": 0.8551772388059702,
        "max": 0.8852611940298507
      },
      "precision": {
        "count": 4.0,
        "mean": 0.6759181965803652,
        "std": 0.2526659216465508,
        "min": 0.31622781023339824,
        "25%": 0.5915175556283611,
        "50%": 0.766046284669504,
        "75%": 0.8504469256215081,
        "max": 0.8553524067490548
      },
      "recall": {
        "count": 4.0,
        "mean": 0.6313344832495835,
        "std": 0.21804924762035893,
        "min": 0.31585088814706597,
        "25%": 0.5711723568476696,
        "50%": 0.7105473528800959,
        "75%": 0.7707094792820097,
        "max": 0.7883923390910764
      },
      "f1": {
        "count": 4.0,
        "mean": 0.6091013782053134,
        "std": 0.2082585631715146,
        "min": 0.3160136944249869,
        "25%": 0.5627068967958051,
        "50%": 0.6562590004416347,
        "75%": 0.702653481851143,
        "max": 0.8078738175129977
      },
      "roc_auc": {
        "count": 1.0,
        "mean": 0.9433010731272166,
        "std": NaN,
        "min": 0.9433010731272166,
        "25%": 0.9433010731272166,
        "50%": 0.9433010731272166,
        "75%": 0.9433010731272166,
        "max": 0.9433010731272166
      },
      "cv_f1_macro_mean": {
        "count": 2.0,
        "mean": 0.720150997493658,
        "std": 0.10366002066154001,
        "min": 0.6468522939459455,
        "25%": 0.6835016457198018,
        "50%": 0.720150997493658,
        "75%": 0.7568003492675143,
        "max": 0.7934497010413706
      },
      "cv_f1_macro_std": {
        "count": 2.0,
        "mean": 0.01259703564117015,
        "std": 0.003233461925280615,
        "min": 0.010310632787095717,
        "25%": 0.011453834214132933,
        "50%": 0.01259703564117015,
        "75%": 0.013740237068207366,
        "max": 0.014883438495244582
      }
    },
    "best_model_row": {
      "model": "random_forest",
      "accuracy": 0.8852611940298507,
      "precision": 0.8488117652456593,
      "recall": 0.7883923390910764,
      "f1": 0.8078738175129977,
      "roc_auc": NaN,
      "cv_f1_macro_mean": 0.7934497010413706,
      "cv_f1_macro_std": 0.014883438495244582
    },
    "eda_overview": {
      "shape": [
        66691,
        88
      ],
      "columns": [
        "crowdflower_id",
        "trusted_answers",
        "last_answer_at",
        "class",
        "class_confidence",
        "ground_truth_class",
        "comments",
        "account_type",
        "dataset",
        "twitter_user_id",
        "twitter_screen_name",
        "source_dataset",
        "contributor_id",
        "external_id",
        "answers_count",
        "gold_count",
        "missed_gold_count",
        "channel",
        "contributor_country",
        "contributor_city",
        "contributor_last_ip",
        "trust_overall",
        "submission_rate",
        "trust",
        "comment",
        "unnamed: 0",
        "created_at",
        "id",
        "text",
        "source",
        "user_id",
        "truncated",
        "in_reply_to_status_id",
        "in_reply_to_user_id",
        "in_reply_to_screen_name",
        "retweeted_status_id",
        "geo",
        "place",
        "contributors",
        "retweet_count",
        "reply_count",
        "favorite_count",
        "favorited",
        "retweeted",
        "possibly_sensitive",
        "num_hashtags",
        "num_urls",
        "num_mentions",
        "timestamp",
        "name",
        "screen_name",
        "statuses_count",
        "followers_count",
        "friends_count",
        "favourites_count",
        "listed_count",
        "url",
        "lang",
        "time_zone",
        "location",
        "default_profile",
        "default_profile_image",
        "geo_enabled",
        "profile_image_url",
        "profile_banner_url",
        "profile_use_background_image",
        "profile_background_image_url_https",
        "profile_text_color",
        "profile_image_url_https",
        "profile_sidebar_border_color",
        "profile_background_tile",
        "profile_sidebar_fill_color",
        "profile_background_image_url",
        "profile_background_color",
        "profile_link_color",
        "utc_offset",
        "is_translator",
        "follow_request_sent",
        "protected",
        "verified",
        "notifications",
        "description",
        "contributors_enabled",
        "following",
        "updated",
        "crawled_at",
        "test_set_1",
        "test_set_2"
      ],
      "dtypes": {
        "crowdflower_id": "object",
        "trusted_answers": "float64",
        "last_answer_at": "object",
        "class": "object",
        "class_confidence": "object",
        "ground_truth_class": "object",
        "comments": "object",
        "account_type": "object",
        "dataset": "object",
        "twitter_user_id": "object",
        "twitter_screen_name": "object",
        "source_dataset": "object",
        "contributor_id": "object",
        "external_id": "object",
        "answers_count": "float64",
        "gold_count": "float64",
        "missed_gold_count": "float64",
        "channel": "object",
        "contributor_country": "object",
        "contributor_city": "object",
        "contributor_last_ip": "object",
        "trust_overall": "float64",
        "submission_rate": "float64",
        "trust": "float64",
        "comment": "object",
        "unnamed: 0": "object",
        "created_at": "object",
        "id": "object",
        "text": "object",
        "source": "object",
        "user_id": "object",
        "truncated": "float64",
        "in_reply_to_status_id": "object",
        "in_reply_to_user_id": "object",
        "in_reply_to_screen_name": "object",
        "retweeted_status_id": "object",
        "geo": "float64",
        "place": "object",
        "contributors": "float64",
        "retweet_count": "float64",
        "reply_count": "float64",
        "favorite_count": "float64",
        "favorited": "float64",
        "retweeted": "float64",
        "possibly_sensitive": "float64",
        "num_hashtags": "float64",
        "num_urls": "float64",
        "num_mentions": "float64",
        "timestamp": "object",
        "name": "object",
        "screen_name": "object",
        "statuses_count": "float64",
        "followers_count": "float64",
        "friends_count": "float64",
        "favourites_count": "float64",
        "listed_count": "float64",
        "url": "object",
        "lang": "object",
        "time_zone": "object",
        "location": "object",
        "default_profile": "float64",
        "default_profile_image": "float64",
        "geo_enabled": "float64",
        "profile_image_url": "object",
        "profile_banner_url": "object",
        "profile_use_background_image": "float64",
        "profile_background_image_url_https": "object",
        "profile_text_color": "object",
        "profile_image_url_https": "object",
        "profile_sidebar_border_color": "object",
        "profile_background_tile": "float64",
        "profile_sidebar_fill_color": "object",
        "profile_background_image_url": "object",
        "profile_background_color": "object",
        "profile_link_color": "object",
        "utc_offset": "float64",
        "is_translator": "float64",
        "follow_request_sent": "float64",
        "protected": "float64",
        "verified": "float64",
        "notifications": "float64",
        "description": "object",
        "contributors_enabled": "float64",
        "following": "float64",
        "updated": "object",
        "crawled_at": "object",
        "test_set_1": "float64",
        "test_set_2": "float64"
      },