{
  "timestamp": "2026-05-23T06:44:42.634590",
  "memory_current_gb": 1.345489501953125,
  "memory_available_gb": 6.881690979003906,
  "memory_limit_gb": 8.0,
  "stages": {},
  "compression": {
    "original_size_mb": 2.139348030090332,
    "compressed_size_mb": 0.981532096862793,
    "compression_ratio": 0.4587996357102068,
    "target_achieved": "True"
  }
}